{"cameraMode":{"drawMode":0,"name":"Shaded","section":"Shading Mode"},"sceneLighting":true,"audioPlay":false,"sceneViewState":{"m_AlwaysRefresh":false,"showFog":true,"showSkybox":true,"showFlares":true,"showImageEffects":true,"showParticleSystems":true,"showVisualEffectGraphs":true,"m_FxEnabled":true},"in2DMode":false,"pivot":{"x":19.028318405151368,"y":15.049652099609375,"z":5.642088413238525},"rotation":{"x":-0.01401746179908514,"y":-0.5237405896186829,"z":0.008703762665390969,"w":-0.8517796397209168},"size":0.41055431962013247,"orthographic":false}