{"cameraMode":{"drawMode":0,"name":"Shaded","section":"Shading Mode"},"sceneLighting":true,"audioPlay":false,"sceneViewState":{"m_AlwaysRefresh":false,"showFog":true,"showSkybox":true,"showFlares":true,"showImageEffects":true,"showParticleSystems":true,"showVisualEffectGraphs":true,"m_FxEnabled":true},"in2DMode":false,"pivot":{"x":57.603450775146487,"y":5.795261859893799,"z":0.3031861186027527},"rotation":{"x":0.03452928736805916,"y":0.8061128854751587,"z":-0.04718248173594475,"w":0.5889315009117127},"size":36.58348846435547,"orthographic":false}